cv_id,job_id,label
CV_0000,JOB_0070,1
CV_0000,JOB_0038,1
CV_0000,JOB_0018,1
CV_0000,JOB_0061,1
CV_0001,JOB_0013,1
CV_0001,JOB_0029,1
CV_0001,JOB_0038,1
CV_0001,JOB_0010,1
CV_0002,JOB_0064,1
CV_0002,JOB_0011,1
CV_0002,JOB_0062,1
CV_0002,JOB_0007,1
CV_0003,JOB_0058,1
CV_0003,JOB_0059,1
CV_0003,JOB_0057,1
CV_0003,JOB_0039,1
CV_0004,JOB_0003,1
CV_0004,JOB_0080,1
CV_0004,JOB_0057,1
CV_0004,JOB_0074,1
CV_0005,JOB_0020,1
CV_0005,JOB_0054,1
CV_0005,JOB_0015,1
CV_0005,JOB_0039,1
CV_0006,JOB_0063,1
CV_0006,JOB_0016,1
CV_0006,JOB_0051,1
CV_0006,JOB_0080,1
CV_0007,JOB_0056,1
CV_0007,JOB_0045,1
CV_0007,JOB_0042,1
CV_0007,JOB_0017,1
CV_0008,JOB_0071,1
CV_0008,JOB_0080,1
CV_0008,JOB_0062,1
CV_0008,JOB_0061,1
CV_0009,JOB_0027,1
CV_0009,JOB_0060,1
CV_0009,JOB_0085,1
CV_0009,JOB_0086,1
CV_0010,JOB_0048,1
CV_0010,JOB_0057,1
CV_0010,JOB_0056,1
CV_0010,JOB_0005,1
CV_0011,JOB_0083,1
CV_0011,JOB_0073,1
CV_0011,JOB_0071,1
CV_0011,JOB_0064,1
CV_0012,JOB_0049,1
CV_0012,JOB_0034,1
CV_0012,JOB_0033,1
CV_0012,JOB_0005,1
CV_0013,JOB_0015,1
CV_0013,JOB_0072,1
CV_0013,JOB_0007,1
CV_0013,JOB_0086,1
CV_0014,JOB_0043,1
CV_0014,JOB_0033,1
CV_0014,JOB_0081,1
CV_0014,JOB_0087,1
CV_0015,JOB_0049,1
CV_0015,JOB_0003,1
CV_0015,JOB_0034,1
CV_0015,JOB_0013,1
CV_0016,JOB_0076,1
CV_0016,JOB_0067,1
CV_0016,JOB_0063,1
CV_0016,JOB_0061,1
CV_0017,JOB_0077,1
CV_0017,JOB_0068,1
CV_0017,JOB_0084,1
CV_0017,JOB_0050,1
CV_0018,JOB_0073,1
CV_0018,JOB_0006,1
CV_0018,JOB_0064,1
CV_0018,JOB_0076,1
CV_0019,JOB_0038,1
CV_0019,JOB_0007,1
CV_0019,JOB_0049,1
CV_0019,JOB_0033,1
CV_0020,JOB_0077,1
CV_0020,JOB_0050,1
CV_0020,JOB_0009,1
CV_0020,JOB_0084,1
CV_0021,JOB_0010,1
CV_0021,JOB_0080,1
CV_0021,JOB_0054,1
CV_0021,JOB_0062,1
CV_0022,JOB_0011,1
CV_0022,JOB_0075,1
CV_0022,JOB_0015,1
CV_0022,JOB_0072,1
CV_0023,JOB_0003,1
CV_0023,JOB_0026,1
CV_0023,JOB_0065,1
CV_0023,JOB_0001,1
CV_0024,JOB_0014,1
CV_0024,JOB_0066,1
CV_0024,JOB_0022,1
CV_0024,JOB_0035,1
CV_0025,JOB_0031,1
CV_0025,JOB_0035,1
CV_0025,JOB_0072,1
CV_0025,JOB_0029,1
CV_0026,JOB_0042,1
CV_0026,JOB_0017,1
CV_0026,JOB_0055,1
CV_0026,JOB_0070,1
CV_0027,JOB_0080,1
CV_0027,JOB_0053,1
CV_0027,JOB_0005,1
CV_0027,JOB_0013,1
CV_0028,JOB_0037,1
CV_0028,JOB_0068,1
CV_0028,JOB_0081,1
CV_0028,JOB_0062,1
CV_0029,JOB_0036,1
CV_0029,JOB_0009,1
CV_0029,JOB_0087,1
CV_0029,JOB_0037,1
CV_0030,JOB_0030,1
CV_0030,JOB_0088,1
CV_0030,JOB_0024,1
CV_0030,JOB_0083,1
CV_0031,JOB_0056,1
CV_0031,JOB_0017,1
CV_0031,JOB_0042,1
CV_0031,JOB_0073,1
CV_0032,JOB_0069,1
CV_0032,JOB_0000,1
CV_0032,JOB_0010,1
CV_0032,JOB_0040,1
CV_0033,JOB_0040,1
CV_0033,JOB_0005,1
CV_0033,JOB_0030,1
CV_0033,JOB_0029,1
CV_0034,JOB_0080,1
CV_0034,JOB_0064,1
CV_0034,JOB_0020,1
CV_0034,JOB_0038,1
CV_0035,JOB_0074,1
CV_0035,JOB_0041,1
CV_0035,JOB_0039,1
CV_0035,JOB_0051,1
CV_0036,JOB_0040,1
CV_0036,JOB_0081,1
CV_0036,JOB_0032,1
CV_0036,JOB_0059,1
CV_0037,JOB_0080,1
CV_0037,JOB_0074,1
CV_0037,JOB_0064,1
CV_0037,JOB_0008,1
CV_0038,JOB_0062,1
CV_0038,JOB_0030,1
CV_0038,JOB_0008,1
CV_0038,JOB_0010,1
CV_0039,JOB_0070,1
CV_0039,JOB_0042,1
CV_0039,JOB_0046,1
CV_0039,JOB_0069,1
CV_0040,JOB_0058,1
CV_0040,JOB_0076,1
CV_0040,JOB_0063,1
CV_0040,JOB_0088,1
CV_0041,JOB_0065,1
CV_0041,JOB_0070,1
CV_0041,JOB_0040,1
CV_0041,JOB_0056,1
CV_0042,JOB_0061,1
CV_0042,JOB_0008,1
CV_0042,JOB_0046,1
CV_0042,JOB_0080,1
CV_0043,JOB_0003,1
CV_0043,JOB_0033,1
CV_0043,JOB_0025,1
CV_0043,JOB_0009,1
CV_0044,JOB_0061,1
CV_0044,JOB_0080,1
CV_0044,JOB_0062,1
CV_0044,JOB_0054,1
CV_0045,JOB_0008,1
CV_0045,JOB_0083,1
CV_0045,JOB_0062,1
CV_0045,JOB_0064,1
CV_0046,JOB_0021,1
CV_0046,JOB_0072,1
CV_0046,JOB_0060,1
CV_0046,JOB_0085,1
CV_0047,JOB_0013,1
CV_0047,JOB_0073,1
CV_0047,JOB_0071,1
CV_0047,JOB_0030,1
CV_0048,JOB_0036,1
CV_0048,JOB_0044,1
CV_0048,JOB_0084,1
CV_0048,JOB_0087,1
CV_0049,JOB_0065,1
CV_0049,JOB_0055,1
CV_0049,JOB_0012,1
CV_0049,JOB_0076,1
CV_0050,JOB_0053,1
CV_0050,JOB_0052,1
CV_0050,JOB_0030,1
CV_0050,JOB_0040,1
CV_0051,JOB_0038,1
CV_0051,JOB_0083,1
CV_0051,JOB_0056,1
CV_0051,JOB_0019,1
CV_0052,JOB_0077,1
CV_0052,JOB_0036,1
CV_0052,JOB_0079,1
CV_0052,JOB_0084,1
CV_0053,JOB_0080,1
CV_0053,JOB_0061,1
CV_0053,JOB_0016,1
CV_0053,JOB_0020,1
CV_0054,JOB_0076,1
CV_0054,JOB_0089,1
CV_0054,JOB_0024,1
CV_0054,JOB_0001,1
CV_0055,JOB_0022,1
CV_0055,JOB_0075,1
CV_0055,JOB_0007,1
CV_0055,JOB_0015,1
CV_0056,JOB_0011,1
CV_0056,JOB_0064,1
CV_0056,JOB_0082,1
CV_0056,JOB_0040,1
CV_0057,JOB_0016,1
CV_0057,JOB_0088,1
CV_0057,JOB_0040,1
CV_0057,JOB_0017,1
CV_0058,JOB_0066,1
CV_0058,JOB_0060,1
CV_0058,JOB_0027,1
CV_0058,JOB_0011,1
CV_0059,JOB_0009,1
CV_0059,JOB_0024,1
CV_0059,JOB_0010,1
CV_0059,JOB_0008,1
CV_0060,JOB_0050,1
CV_0060,JOB_0043,1
CV_0060,JOB_0087,1
CV_0060,JOB_0003,1
CV_0061,JOB_0062,1
CV_0061,JOB_0061,1
CV_0061,JOB_0073,1
CV_0061,JOB_0006,1
CV_0062,JOB_0064,1
CV_0062,JOB_0081,1
CV_0062,JOB_0085,1
CV_0062,JOB_0071,1
CV_0063,JOB_0089,1
CV_0063,JOB_0012,1
CV_0063,JOB_0055,1
CV_0063,JOB_0088,1
CV_0064,JOB_0086,1
CV_0064,JOB_0015,1
CV_0064,JOB_0007,1
CV_0064,JOB_0072,1
CV_0065,JOB_0064,1
CV_0065,JOB_0062,1
CV_0065,JOB_0006,1
CV_0065,JOB_0008,1
CV_0066,JOB_0040,1
CV_0066,JOB_0017,1
CV_0066,JOB_0024,1
CV_0066,JOB_0047,1
CV_0067,JOB_0079,1
CV_0067,JOB_0044,1
CV_0067,JOB_0087,1
CV_0067,JOB_0078,1
CV_0068,JOB_0026,1
CV_0068,JOB_0063,1
CV_0068,JOB_0061,1
CV_0068,JOB_0024,1
CV_0069,JOB_0063,1
CV_0069,JOB_0016,1
CV_0069,JOB_0088,1
CV_0069,JOB_0001,1
CV_0070,JOB_0060,1
CV_0070,JOB_0075,1
CV_0070,JOB_0029,1
CV_0070,JOB_0035,1
CV_0071,JOB_0061,1
CV_0071,JOB_0019,1
CV_0071,JOB_0039,1
CV_0071,JOB_0020,1
CV_0072,JOB_0041,1
CV_0072,JOB_0057,1
CV_0072,JOB_0074,1
CV_0072,JOB_0058,1
CV_0073,JOB_0038,1
CV_0073,JOB_0021,1
CV_0073,JOB_0065,1
CV_0073,JOB_0086,1
CV_0074,JOB_0056,1
CV_0074,JOB_0009,1
CV_0074,JOB_0038,1
CV_0074,JOB_0068,1
CV_0075,JOB_0042,1
CV_0075,JOB_0017,1
CV_0075,JOB_0040,1
CV_0075,JOB_0067,1
CV_0076,JOB_0080,1
CV_0076,JOB_0067,1
CV_0076,JOB_0018,1
CV_0076,JOB_0071,1
CV_0077,JOB_0030,1
CV_0077,JOB_0056,1
CV_0077,JOB_0013,1
CV_0077,JOB_0050,1
CV_0078,JOB_0085,1
CV_0078,JOB_0022,1
CV_0078,JOB_0023,1
CV_0078,JOB_0086,1
CV_0079,JOB_0033,1
CV_0079,JOB_0087,1
CV_0079,JOB_0043,1
CV_0079,JOB_0081,1
CV_0080,JOB_0061,1
CV_0080,JOB_0012,1
CV_0080,JOB_0076,1
CV_0080,JOB_0089,1
CV_0081,JOB_0080,1
CV_0081,JOB_0067,1
CV_0081,JOB_0026,1
CV_0081,JOB_0062,1
CV_0082,JOB_0070,1
CV_0082,JOB_0040,1
CV_0082,JOB_0045,1
CV_0082,JOB_0017,1
CV_0083,JOB_0050,1
CV_0083,JOB_0033,1
CV_0083,JOB_0009,1
CV_0083,JOB_0043,1
CV_0084,JOB_0024,1
CV_0084,JOB_0057,1
CV_0084,JOB_0058,1
CV_0084,JOB_0073,1
CV_0085,JOB_0044,1
CV_0085,JOB_0036,1
CV_0085,JOB_0068,1
CV_0085,JOB_0033,1
CV_0086,JOB_0048,1
CV_0086,JOB_0019,1
CV_0086,JOB_0059,1
CV_0086,JOB_0057,1
CV_0087,JOB_0061,1
CV_0087,JOB_0081,1
CV_0087,JOB_0041,1
CV_0087,JOB_0039,1
CV_0088,JOB_0020,1
CV_0088,JOB_0013,1
CV_0088,JOB_0033,1
CV_0088,JOB_0080,1
CV_0089,JOB_0062,1
CV_0089,JOB_0034,1
CV_0089,JOB_0013,1
CV_0089,JOB_0080,1
CV_0090,JOB_0052,1
CV_0090,JOB_0070,1
CV_0090,JOB_0026,1
CV_0090,JOB_0042,1
CV_0091,JOB_0053,1
CV_0091,JOB_0016,1
CV_0091,JOB_0082,1
CV_0091,JOB_0050,1
CV_0092,JOB_0000,1
CV_0092,JOB_0049,1
CV_0092,JOB_0082,1
CV_0092,JOB_0083,1
CV_0093,JOB_0081,1
CV_0093,JOB_0070,1
CV_0093,JOB_0018,1
CV_0093,JOB_0004,1
CV_0094,JOB_0072,1
CV_0094,JOB_0024,1
CV_0094,JOB_0008,1
CV_0094,JOB_0064,1
CV_0095,JOB_0027,1
CV_0095,JOB_0060,1
CV_0095,JOB_0014,1
CV_0095,JOB_0011,1
CV_0096,JOB_0019,1
CV_0096,JOB_0032,1
CV_0096,JOB_0048,1
CV_0096,JOB_0073,1
CV_0097,JOB_0036,1
CV_0097,JOB_0081,1
CV_0097,JOB_0068,1
CV_0097,JOB_0009,1
CV_0098,JOB_0080,1
CV_0098,JOB_0062,1
CV_0098,JOB_0061,1
CV_0098,JOB_0056,1
CV_0099,JOB_0071,1
CV_0099,JOB_0064,1
CV_0099,JOB_0080,1
CV_0099,JOB_0076,1
CV_0100,JOB_0025,1
CV_0100,JOB_0084,1
CV_0100,JOB_0003,1
CV_0100,JOB_0043,1
CV_0101,JOB_0002,1
CV_0101,JOB_0065,1
CV_0101,JOB_0004,1
CV_0101,JOB_0051,1
CV_0102,JOB_0000,1
CV_0102,JOB_0009,1
CV_0102,JOB_0041,1
CV_0102,JOB_0039,1
CV_0103,JOB_0080,1
CV_0103,JOB_0061,1
CV_0103,JOB_0055,1
CV_0103,JOB_0020,1
CV_0104,JOB_0008,1
CV_0104,JOB_0061,1
CV_0104,JOB_0002,1
CV_0104,JOB_0071,1
CV_0105,JOB_0050,1
CV_0105,JOB_0000,1
CV_0105,JOB_0051,1
CV_0105,JOB_0088,1
CV_0106,JOB_0074,1
CV_0106,JOB_0058,1
CV_0106,JOB_0051,1
CV_0106,JOB_0036,1
CV_0107,JOB_0016,1
CV_0107,JOB_0051,1
CV_0107,JOB_0026,1
CV_0107,JOB_0063,1
CV_0108,JOB_0051,1
CV_0108,JOB_0088,1
CV_0108,JOB_0056,1
CV_0108,JOB_0004,1
CV_0109,JOB_0018,1
CV_0109,JOB_0067,1
CV_0109,JOB_0011,1
CV_0109,JOB_0042,1
CV_0110,JOB_0047,1
CV_0110,JOB_0071,1
CV_0110,JOB_0051,1
CV_0110,JOB_0055,1
CV_0111,JOB_0011,1
CV_0111,JOB_0029,1
CV_0111,JOB_0023,1
CV_0111,JOB_0015,1
CV_0112,JOB_0007,1
CV_0112,JOB_0029,1
CV_0112,JOB_0028,1
CV_0112,JOB_0021,1
CV_0113,JOB_0064,1
CV_0113,JOB_0013,1
CV_0113,JOB_0038,1
CV_0113,JOB_0034,1
CV_0114,JOB_0050,1
CV_0114,JOB_0033,1
CV_0114,JOB_0068,1
CV_0114,JOB_0009,1
CV_0115,JOB_0086,1
CV_0115,JOB_0060,1
CV_0115,JOB_0028,1
CV_0115,JOB_0029,1
CV_0116,JOB_0083,1
CV_0116,JOB_0039,1
CV_0116,JOB_0037,1
CV_0116,JOB_0056,1
CV_0117,JOB_0011,1
CV_0117,JOB_0020,1
CV_0117,JOB_0065,1
CV_0117,JOB_0026,1
CV_0118,JOB_0019,1
CV_0118,JOB_0042,1
CV_0118,JOB_0069,1
CV_0118,JOB_0045,1
CV_0119,JOB_0017,1
CV_0119,JOB_0026,1
CV_0119,JOB_0068,1
CV_0119,JOB_0065,1
CV_0120,JOB_0016,1
CV_0120,JOB_0047,1
CV_0120,JOB_0063,1
CV_0120,JOB_0002,1
CV_0121,JOB_0085,1
CV_0121,JOB_0072,1
CV_0121,JOB_0029,1
CV_0121,JOB_0035,1
CV_0122,JOB_0016,1
CV_0122,JOB_0026,1
CV_0122,JOB_0065,1
CV_0122,JOB_0076,1
CV_0123,JOB_0033,1
CV_0123,JOB_0005,1
CV_0123,JOB_0053,1
CV_0123,JOB_0003,1
CV_0124,JOB_0050,1
CV_0124,JOB_0074,1
CV_0124,JOB_0031,1
CV_0124,JOB_0019,1
CV_0125,JOB_0062,1
CV_0125,JOB_0021,1
CV_0125,JOB_0042,1
CV_0125,JOB_0067,1
CV_0126,JOB_0064,1
CV_0126,JOB_0049,1
CV_0126,JOB_0083,1
CV_0126,JOB_0005,1
CV_0127,JOB_0046,1
CV_0127,JOB_0018,1
CV_0127,JOB_0047,1
CV_0127,JOB_0026,1
CV_0128,JOB_0081,1
CV_0128,JOB_0033,1
CV_0128,JOB_0068,1
CV_0128,JOB_0036,1
CV_0129,JOB_0088,1
CV_0129,JOB_0002,1
CV_0129,JOB_0004,1
CV_0129,JOB_0026,1
CV_0130,JOB_0009,1
CV_0130,JOB_0046,1
CV_0130,JOB_0080,1
CV_0130,JOB_0067,1
CV_0131,JOB_0085,1
CV_0131,JOB_0066,1
CV_0131,JOB_0060,1
CV_0131,JOB_0086,1
CV_0132,JOB_0062,1
CV_0132,JOB_0006,1
CV_0132,JOB_0010,1
CV_0132,JOB_0054,1
CV_0133,JOB_0019,1
CV_0133,JOB_0058,1
CV_0133,JOB_0026,1
CV_0133,JOB_0050,1
CV_0134,JOB_0088,1
CV_0134,JOB_0000,1
CV_0134,JOB_0004,1
CV_0134,JOB_0002,1
CV_0135,JOB_0088,1
CV_0135,JOB_0063,1
CV_0135,JOB_0069,1
CV_0135,JOB_0026,1
CV_0136,JOB_0074,1
CV_0136,JOB_0032,1
CV_0136,JOB_0033,1
CV_0136,JOB_0081,1
CV_0137,JOB_0058,1
CV_0137,JOB_0039,1
CV_0137,JOB_0074,1
CV_0137,JOB_0044,1
CV_0138,JOB_0023,1
CV_0138,JOB_0085,1
CV_0138,JOB_0060,1
CV_0138,JOB_0022,1
CV_0139,JOB_0033,1
CV_0139,JOB_0018,1
CV_0139,JOB_0016,1
CV_0139,JOB_0076,1
CV_0140,JOB_0011,1
CV_0140,JOB_0054,1
CV_0140,JOB_0071,1
CV_0140,JOB_0064,1
CV_0141,JOB_0028,1
CV_0141,JOB_0085,1
CV_0141,JOB_0072,1
CV_0141,JOB_0029,1
CV_0142,JOB_0044,1
CV_0142,JOB_0077,1
CV_0142,JOB_0081,1
CV_0142,JOB_0037,1
CV_0143,JOB_0010,1
CV_0143,JOB_0039,1
CV_0143,JOB_0041,1
CV_0143,JOB_0031,1
CV_0144,JOB_0045,1
CV_0144,JOB_0065,1
CV_0144,JOB_0051,1
CV_0144,JOB_0000,1
CV_0145,JOB_0065,1
CV_0145,JOB_0007,1
CV_0145,JOB_0011,1
CV_0145,JOB_0085,1
CV_0146,JOB_0025,1
CV_0146,JOB_0087,1
CV_0146,JOB_0033,1
CV_0146,JOB_0089,1
CV_0147,JOB_0037,1
CV_0147,JOB_0043,1
CV_0147,JOB_0068,1
CV_0147,JOB_0036,1
CV_0148,JOB_0036,1
CV_0148,JOB_0077,1
CV_0148,JOB_0025,1
CV_0148,JOB_0078,1
CV_0149,JOB_0054,1
CV_0149,JOB_0076,1
CV_0149,JOB_0061,1
CV_0149,JOB_0085,1
CV_0150,JOB_0025,1
CV_0150,JOB_0077,1
CV_0150,JOB_0068,1
CV_0150,JOB_0078,1
CV_0151,JOB_0050,1
CV_0151,JOB_0068,1
CV_0151,JOB_0040,1
CV_0151,JOB_0044,1
CV_0152,JOB_0024,1
CV_0152,JOB_0072,1
CV_0152,JOB_0000,1
CV_0152,JOB_0008,1
CV_0153,JOB_0051,1
CV_0153,JOB_0089,1
CV_0153,JOB_0000,1
CV_0153,JOB_0024,1
CV_0154,JOB_0033,1
CV_0154,JOB_0078,1
CV_0154,JOB_0077,1
CV_0154,JOB_0025,1
CV_0155,JOB_0069,1
CV_0155,JOB_0018,1
CV_0155,JOB_0064,1
CV_0155,JOB_0042,1
CV_0156,JOB_0022,1
CV_0156,JOB_0075,1
CV_0156,JOB_0032,1
CV_0156,JOB_0007,1
CV_0157,JOB_0034,1
CV_0157,JOB_0013,1
CV_0157,JOB_0056,1
CV_0157,JOB_0083,1
CV_0158,JOB_0087,1
CV_0158,JOB_0078,1
CV_0158,JOB_0003,1
CV_0158,JOB_0048,1
CV_0159,JOB_0000,1
CV_0159,JOB_0004,1
CV_0159,JOB_0074,1
CV_0159,JOB_0076,1
CV_0160,JOB_0054,1
CV_0160,JOB_0064,1
CV_0160,JOB_0076,1
CV_0160,JOB_0006,1
CV_0161,JOB_0050,1
CV_0161,JOB_0058,1
CV_0161,JOB_0032,1
CV_0161,JOB_0081,1
CV_0162,JOB_0079,1
CV_0162,JOB_0087,1
CV_0162,JOB_0009,1
CV_0162,JOB_0084,1
CV_0163,JOB_0011,1
CV_0163,JOB_0016,1
CV_0163,JOB_0080,1
CV_0163,JOB_0047,1
CV_0164,JOB_0068,1
CV_0164,JOB_0004,1
CV_0164,JOB_0013,1
CV_0164,JOB_0030,1
CV_0165,JOB_0055,1
CV_0165,JOB_0064,1
CV_0165,JOB_0051,1
CV_0165,JOB_0016,1
CV_0166,JOB_0016,1
CV_0166,JOB_0088,1
CV_0166,JOB_0055,1
CV_0166,JOB_0065,1
CV_0167,JOB_0086,1
CV_0167,JOB_0007,1
CV_0167,JOB_0014,1
CV_0167,JOB_0011,1
CV_0168,JOB_0038,1
CV_0168,JOB_0067,1
CV_0168,JOB_0010,1
CV_0168,JOB_0042,1
CV_0169,JOB_0026,1
CV_0169,JOB_0065,1
CV_0169,JOB_0076,1
CV_0169,JOB_0056,1
CV_0170,JOB_0028,1
CV_0170,JOB_0085,1
CV_0170,JOB_0086,1
CV_0170,JOB_0072,1
CV_0171,JOB_0012,1
CV_0171,JOB_0088,1
CV_0171,JOB_0065,1
CV_0171,JOB_0055,1
CV_0172,JOB_0084,1
CV_0172,JOB_0068,1
CV_0172,JOB_0033,1
CV_0172,JOB_0025,1
CV_0173,JOB_0052,1
CV_0173,JOB_0026,1
CV_0173,JOB_0044,1
CV_0173,JOB_0040,1
CV_0174,JOB_0082,1
CV_0174,JOB_0034,1
CV_0174,JOB_0011,1
CV_0174,JOB_0007,1
CV_0175,JOB_0024,1
CV_0175,JOB_0001,1
CV_0175,JOB_0004,1
CV_0175,JOB_0055,1
CV_0176,JOB_0080,1
CV_0176,JOB_0053,1
CV_0176,JOB_0034,1
CV_0176,JOB_0056,1
CV_0177,JOB_0042,1
CV_0177,JOB_0085,1
CV_0177,JOB_0067,1
CV_0177,JOB_0018,1
CV_0178,JOB_0075,1
CV_0178,JOB_0011,1
CV_0178,JOB_0066,1
CV_0178,JOB_0014,1
CV_0179,JOB_0042,1
CV_0179,JOB_0045,1
CV_0179,JOB_0013,1
CV_0179,JOB_0032,1
CV_0180,JOB_0024,1
CV_0180,JOB_0080,1
CV_0180,JOB_0073,1
CV_0180,JOB_0004,1
CV_0181,JOB_0030,1
CV_0181,JOB_0005,1
CV_0181,JOB_0080,1
CV_0181,JOB_0049,1
CV_0182,JOB_0019,1
CV_0182,JOB_0059,1
CV_0182,JOB_0013,1
CV_0182,JOB_0041,1
CV_0183,JOB_0069,1
CV_0183,JOB_0045,1
CV_0183,JOB_0050,1
CV_0183,JOB_0033,1
CV_0184,JOB_0012,1
CV_0184,JOB_0088,1
CV_0184,JOB_0031,1
CV_0184,JOB_0089,1
CV_0185,JOB_0002,1
CV_0185,JOB_0055,1
CV_0185,JOB_0047,1
CV_0185,JOB_0076,1
CV_0186,JOB_0023,1
CV_0186,JOB_0027,1
CV_0186,JOB_0018,1
CV_0186,JOB_0022,1
CV_0187,JOB_0023,1
CV_0187,JOB_0060,1
CV_0187,JOB_0086,1
CV_0187,JOB_0075,1
CV_0188,JOB_0073,1
CV_0188,JOB_0008,1
CV_0188,JOB_0062,1
CV_0188,JOB_0061,1
CV_0189,JOB_0049,1
CV_0189,JOB_0067,1
CV_0189,JOB_0053,1
CV_0189,JOB_0042,1
CV_0190,JOB_0072,1
CV_0190,JOB_0071,1
CV_0190,JOB_0082,1
CV_0190,JOB_0005,1
CV_0191,JOB_0050,1
CV_0191,JOB_0003,1
CV_0191,JOB_0037,1
CV_0191,JOB_0087,1
CV_0192,JOB_0034,1
CV_0192,JOB_0049,1
CV_0192,JOB_0005,1
CV_0192,JOB_0033,1
CV_0193,JOB_0033,1
CV_0193,JOB_0059,1
CV_0193,JOB_0003,1
CV_0193,JOB_0074,1
CV_0194,JOB_0081,1
CV_0194,JOB_0050,1
CV_0194,JOB_0037,1
CV_0194,JOB_0079,1
CV_0195,JOB_0085,1
CV_0195,JOB_0022,1
CV_0195,JOB_0086,1
CV_0195,JOB_0060,1
CV_0196,JOB_0023,1
CV_0196,JOB_0022,1
CV_0196,JOB_0028,1
CV_0196,JOB_0072,1
CV_0197,JOB_0089,1
CV_0197,JOB_0002,1
CV_0197,JOB_0088,1
CV_0197,JOB_0024,1
CV_0198,JOB_0051,1
CV_0198,JOB_0076,1
CV_0198,JOB_0047,1
CV_0198,JOB_0055,1
CV_0199,JOB_0009,1
CV_0199,JOB_0068,1
CV_0199,JOB_0044,1
CV_0199,JOB_0077,1
CV_0200,JOB_0075,1
CV_0200,JOB_0069,1
CV_0200,JOB_0015,1
CV_0200,JOB_0028,1
CV_0201,JOB_0029,1
CV_0201,JOB_0015,1
CV_0201,JOB_0028,1
CV_0201,JOB_0035,1
CV_0202,JOB_0081,1
CV_0202,JOB_0036,1
CV_0202,JOB_0009,1
CV_0202,JOB_0037,1
CV_0203,JOB_0008,1
CV_0203,JOB_0061,1
CV_0203,JOB_0053,1
CV_0203,JOB_0062,1
CV_0204,JOB_0042,1
CV_0204,JOB_0046,1
CV_0204,JOB_0082,1
CV_0204,JOB_0069,1
CV_0205,JOB_0018,1
CV_0205,JOB_0074,1
CV_0205,JOB_0063,1
CV_0205,JOB_0031,1
CV_0206,JOB_0038,1
CV_0206,JOB_0030,1
CV_0206,JOB_0037,1
CV_0206,JOB_0053,1
CV_0207,JOB_0019,1
CV_0207,JOB_0032,1
CV_0207,JOB_0049,1
CV_0207,JOB_0005,1
CV_0208,JOB_0043,1
CV_0208,JOB_0003,1
CV_0208,JOB_0033,1
CV_0208,JOB_0079,1
CV_0209,JOB_0038,1
CV_0209,JOB_0049,1
CV_0209,JOB_0083,1
CV_0209,JOB_0082,1
CV_0210,JOB_0037,1
CV_0210,JOB_0025,1
CV_0210,JOB_0043,1
CV_0210,JOB_0079,1
CV_0211,JOB_0038,1
CV_0211,JOB_0049,1
CV_0211,JOB_0010,1
CV_0211,JOB_0019,1
CV_0212,JOB_0020,1
CV_0212,JOB_0038,1
CV_0212,JOB_0006,1
CV_0212,JOB_0061,1
CV_0213,JOB_0057,1
CV_0213,JOB_0003,1
CV_0213,JOB_0081,1
CV_0213,JOB_0048,1
CV_0214,JOB_0011,1
CV_0214,JOB_0018,1
CV_0214,JOB_0046,1
CV_0214,JOB_0007,1
CV_0215,JOB_0040,1
CV_0215,JOB_0053,1
CV_0215,JOB_0017,1
CV_0215,JOB_0045,1
CV_0216,JOB_0008,1
CV_0216,JOB_0054,1
CV_0216,JOB_0076,1
CV_0216,JOB_0020,1
CV_0217,JOB_0050,1
CV_0217,JOB_0044,1
CV_0217,JOB_0078,1
CV_0217,JOB_0037,1
CV_0218,JOB_0077,1
CV_0218,JOB_0025,1
CV_0218,JOB_0003,1
CV_0218,JOB_0068,1
CV_0219,JOB_0029,1
CV_0219,JOB_0021,1
CV_0219,JOB_0060,1
CV_0219,JOB_0014,1
CV_0220,JOB_0067,1
CV_0220,JOB_0040,1
CV_0220,JOB_0069,1
CV_0220,JOB_0071,1
CV_0221,JOB_0055,1
CV_0221,JOB_0012,1
CV_0221,JOB_0026,1
CV_0221,JOB_0002,1
CV_0222,JOB_0071,1
CV_0222,JOB_0029,1
CV_0222,JOB_0061,1
CV_0222,JOB_0030,1
CV_0223,JOB_0036,1
CV_0223,JOB_0077,1
CV_0223,JOB_0050,1
CV_0223,JOB_0037,1
CV_0224,JOB_0036,1
CV_0224,JOB_0071,1
CV_0224,JOB_0018,1
CV_0224,JOB_0067,1
CV_0225,JOB_0072,1
CV_0225,JOB_0028,1
CV_0225,JOB_0011,1
CV_0225,JOB_0015,1
CV_0226,JOB_0033,1
CV_0226,JOB_0006,1
CV_0226,JOB_0080,1
CV_0226,JOB_0071,1
CV_0227,JOB_0085,1
CV_0227,JOB_0072,1
CV_0227,JOB_0052,1
CV_0227,JOB_0060,1
CV_0228,JOB_0004,1
CV_0228,JOB_0013,1
CV_0228,JOB_0040,1
CV_0228,JOB_0056,1
CV_0229,JOB_0063,1
CV_0229,JOB_0024,1
CV_0229,JOB_0055,1
CV_0229,JOB_0089,1
CV_0230,JOB_0000,1
CV_0230,JOB_0044,1
CV_0230,JOB_0068,1
CV_0230,JOB_0067,1
CV_0231,JOB_0041,1
CV_0231,JOB_0068,1
CV_0231,JOB_0039,1
CV_0231,JOB_0064,1
CV_0232,JOB_0013,1
CV_0232,JOB_0073,1
CV_0232,JOB_0082,1
CV_0232,JOB_0056,1
CV_0233,JOB_0038,1
CV_0233,JOB_0000,1
CV_0233,JOB_0056,1
CV_0233,JOB_0010,1
CV_0234,JOB_0075,1
CV_0234,JOB_0021,1
CV_0234,JOB_0015,1
CV_0234,JOB_0028,1
CV_0235,JOB_0077,1
CV_0235,JOB_0081,1
CV_0235,JOB_0025,1
CV_0235,JOB_0003,1
CV_0236,JOB_0069,1
CV_0236,JOB_0046,1
CV_0236,JOB_0017,1
CV_0236,JOB_0070,1
CV_0237,JOB_0044,1
CV_0237,JOB_0078,1
CV_0237,JOB_0081,1
CV_0237,JOB_0009,1
CV_0238,JOB_0068,1
CV_0238,JOB_0032,1
CV_0238,JOB_0059,1
CV_0238,JOB_0044,1
CV_0239,JOB_0075,1
CV_0239,JOB_0029,1
CV_0239,JOB_0022,1
CV_0239,JOB_0007,1
CV_0240,JOB_0085,1
CV_0240,JOB_0056,1
CV_0240,JOB_0035,1
CV_0240,JOB_0046,1
CV_0241,JOB_0081,1
CV_0241,JOB_0033,1
CV_0241,JOB_0059,1
CV_0241,JOB_0040,1
CV_0242,JOB_0003,1
CV_0242,JOB_0033,1
CV_0242,JOB_0037,1
CV_0242,JOB_0079,1
CV_0243,JOB_0067,1
CV_0243,JOB_0046,1
CV_0243,JOB_0018,1
CV_0243,JOB_0047,1
CV_0244,JOB_0055,1
CV_0244,JOB_0004,1
CV_0244,JOB_0012,1
CV_0244,JOB_0063,1
CV_0245,JOB_0083,1
CV_0245,JOB_0049,1
CV_0245,JOB_0005,1
CV_0245,JOB_0055,1
CV_0246,JOB_0001,1
CV_0246,JOB_0000,1
CV_0246,JOB_0012,1
CV_0246,JOB_0088,1
CV_0247,JOB_0047,1
CV_0247,JOB_0001,1
CV_0247,JOB_0024,1
CV_0247,JOB_0026,1
CV_0248,JOB_0001,1
CV_0248,JOB_0024,1
CV_0248,JOB_0000,1
CV_0248,JOB_0051,1
CV_0249,JOB_0060,1
CV_0249,JOB_0066,1
CV_0249,JOB_0015,1
CV_0249,JOB_0028,1
CV_0250,JOB_0068,1
CV_0250,JOB_0087,1
CV_0250,JOB_0079,1
CV_0250,JOB_0009,1
CV_0251,JOB_0051,1
CV_0251,JOB_0064,1
CV_0251,JOB_0006,1
CV_0251,JOB_0020,1
CV_0252,JOB_0000,1
CV_0252,JOB_0006,1
CV_0252,JOB_0017,1
CV_0252,JOB_0062,1
CV_0253,JOB_0046,1
CV_0253,JOB_0000,1
CV_0253,JOB_0040,1
CV_0253,JOB_0042,1
CV_0254,JOB_0071,1
CV_0254,JOB_0016,1
CV_0254,JOB_0064,1
CV_0254,JOB_0008,1
CV_0255,JOB_0014,1
CV_0255,JOB_0022,1
CV_0255,JOB_0085,1
CV_0255,JOB_0029,1
CV_0256,JOB_0055,1
CV_0256,JOB_0054,1
CV_0256,JOB_0061,1
CV_0256,JOB_0020,1
CV_0257,JOB_0025,1
CV_0257,JOB_0009,1
CV_0257,JOB_0037,1
CV_0257,JOB_0043,1
CV_0258,JOB_0019,1
CV_0258,JOB_0034,1
CV_0258,JOB_0000,1
CV_0258,JOB_0052,1
CV_0259,JOB_0031,1
CV_0259,JOB_0039,1
CV_0259,JOB_0081,1
CV_0259,JOB_0041,1
CV_0260,JOB_0087,1
CV_0260,JOB_0036,1
CV_0260,JOB_0081,1
CV_0260,JOB_0009,1
CV_0261,JOB_0007,1
CV_0261,JOB_0010,1
CV_0261,JOB_0033,1
CV_0261,JOB_0085,1
CV_0262,JOB_0071,1
CV_0262,JOB_0064,1
CV_0262,JOB_0037,1
CV_0262,JOB_0081,1
CV_0263,JOB_0048,1
CV_0263,JOB_0039,1
CV_0263,JOB_0057,1
CV_0263,JOB_0041,1
CV_0264,JOB_0054,1
CV_0264,JOB_0069,1
CV_0264,JOB_0045,1
CV_0264,JOB_0052,1
CV_0265,JOB_0010,1
CV_0265,JOB_0047,1
CV_0265,JOB_0013,1
CV_0265,JOB_0026,1
CV_0266,JOB_0029,1
CV_0266,JOB_0015,1
CV_0266,JOB_0014,1
CV_0266,JOB_0080,1
CV_0267,JOB_0013,1
CV_0267,JOB_0030,1
CV_0267,JOB_0001,1
CV_0267,JOB_0089,1
CV_0268,JOB_0035,1
CV_0268,JOB_0042,1
CV_0268,JOB_0052,1
CV_0268,JOB_0051,1
CV_0269,JOB_0046,1
CV_0269,JOB_0070,1
CV_0269,JOB_0045,1
CV_0269,JOB_0017,1
CV_0270,JOB_0029,1
CV_0270,JOB_0014,1
CV_0270,JOB_0075,1
CV_0270,JOB_0007,1
CV_0271,JOB_0067,1
CV_0271,JOB_0033,1
CV_0271,JOB_0070,1
CV_0271,JOB_0046,1
CV_0272,JOB_0081,1
CV_0272,JOB_0009,1
CV_0272,JOB_0033,1
CV_0272,JOB_0079,1
CV_0273,JOB_0039,1
CV_0273,JOB_0032,1
CV_0273,JOB_0044,1
CV_0273,JOB_0057,1
CV_0274,JOB_0009,1
CV_0274,JOB_0036,1
CV_0274,JOB_0033,1
CV_0274,JOB_0050,1
CV_0275,JOB_0085,1
CV_0275,JOB_0013,1
CV_0275,JOB_0083,1
CV_0275,JOB_0071,1
CV_0276,JOB_0050,1
CV_0276,JOB_0037,1
CV_0276,JOB_0013,1
CV_0276,JOB_0056,1
CV_0277,JOB_0043,1
CV_0277,JOB_0038,1
CV_0277,JOB_0078,1
CV_0277,JOB_0013,1
CV_0278,JOB_0060,1
CV_0278,JOB_0011,1
CV_0278,JOB_0021,1
CV_0278,JOB_0007,1
CV_0279,JOB_0056,1
CV_0279,JOB_0049,1
CV_0279,JOB_0030,1
CV_0279,JOB_0082,1
CV_0280,JOB_0050,1
CV_0280,JOB_0068,1
CV_0280,JOB_0060,1
CV_0280,JOB_0084,1
CV_0281,JOB_0058,1
CV_0281,JOB_0080,1
CV_0281,JOB_0081,1
CV_0281,JOB_0083,1
CV_0282,JOB_0026,1
CV_0282,JOB_0012,1
CV_0282,JOB_0047,1
CV_0282,JOB_0055,1
CV_0283,JOB_0016,1
CV_0283,JOB_0018,1
CV_0283,JOB_0067,1
CV_0283,JOB_0070,1
CV_0284,JOB_0006,1
CV_0284,JOB_0057,1
CV_0284,JOB_0019,1
CV_0284,JOB_0059,1
CV_0285,JOB_0005,1
CV_0285,JOB_0049,1
CV_0285,JOB_0059,1
CV_0285,JOB_0019,1
CV_0286,JOB_0020,1
CV_0286,JOB_0062,1
CV_0286,JOB_0006,1
CV_0286,JOB_0007,1
CV_0287,JOB_0019,1
CV_0287,JOB_0062,1
CV_0287,JOB_0080,1
CV_0287,JOB_0013,1
CV_0288,JOB_0050,1
CV_0288,JOB_0019,1
CV_0288,JOB_0041,1
CV_0288,JOB_0048,1
CV_0289,JOB_0030,1
CV_0289,JOB_0051,1
CV_0289,JOB_0056,1
CV_0289,JOB_0005,1
CV_0290,JOB_0038,1
CV_0290,JOB_0030,1
CV_0290,JOB_0080,1
CV_0290,JOB_0033,1
CV_0291,JOB_0078,1
CV_0291,JOB_0033,1
CV_0291,JOB_0009,1
CV_0291,JOB_0025,1
CV_0292,JOB_0004,1
CV_0292,JOB_0051,1
CV_0292,JOB_0012,1
CV_0292,JOB_0063,1
CV_0293,JOB_0052,1
CV_0293,JOB_0021,1
CV_0293,JOB_0063,1
CV_0293,JOB_0073,1
CV_0294,JOB_0089,1
CV_0294,JOB_0051,1
CV_0294,JOB_0012,1
CV_0294,JOB_0065,1
CV_0295,JOB_0008,1
CV_0295,JOB_0052,1
CV_0295,JOB_0062,1
CV_0295,JOB_0073,1
CV_0296,JOB_0021,1
CV_0296,JOB_0022,1
CV_0296,JOB_0086,1
CV_0296,JOB_0066,1
CV_0297,JOB_0050,1
CV_0297,JOB_0003,1
CV_0297,JOB_0078,1
CV_0297,JOB_0025,1
CV_0298,JOB_0061,1
CV_0298,JOB_0049,1
CV_0298,JOB_0034,1
CV_0298,JOB_0080,1
CV_0299,JOB_0010,1
CV_0299,JOB_0074,1
CV_0299,JOB_0058,1
CV_0299,JOB_0013,1
